{
	"p": 2,
	"rel_avgs": [
		0.0, 0.0, 0.0, 0.0, 0.0, 0.0, 0.0, 0.0, 0.0, 0.0, 0.0, 0.0, 0.0, 0.0, 0.0,
		0.0, 0.0, 0.0, 0.0, 0.0, 0.0, 0.0, 0.0, 0.0, 0.0, 0.0, 0.0, 0.0, 0.0, 0.0,
		0.0, 0.0, 0.0, 0.0, 0.0, 0.0, 0.0, 0.0, 0.0, 0.0, 0.0, 0.0, 0.0, 0.0, 0.0,
		0.0, 0.0, 0.0, 0.0, 0.0, 0.0, 0.002, 0.007000000000000001,
		0.8099999999999999, 1.0, 0.0, 0.0, 0.0, 0.0, 0.0, 0.001, 0.7919999999999999,
		0.9860000000000001, 1.0, 1.0, 1.0, 0.0, 0.0, 0.0, 0.001, 0.7709999999999999,
		0.974, 1.0, 1.0, 0.999, 0.999, 1.0, 0.0, 0.0, 0.001, 0.784, 1.0, 1.0, 0.999,
		1.0, 0.998, 1.0, 1.0, 0.0, 0.001, 0.784, 1.0, 1.0, 1.0, 1.0, 1.0, 1.0,
		0.998, 1.0, 0.0, 0.76, 0.9840000000000002, 1.0, 1.0, 1.0, 1.0, 1.0, 0.999,
		1.0, 1.0
	],
	"increment": [0.0, 0.1, 0.2, 0.3, 0.4, 0.5, 0.6, 0.7, 0.8, 0.9, 1.0],
	"t_max": [
		0.0006000000000000001, 0.0012000000000000001, 0.0018000000000000002,
		0.0024000000000000002, 0.003, 0.0036000000000000003, 0.004200000000000001,
		0.0048000000000000004, 0.0054, 0.006
	]
}
