{"p":1,"rel_avgs":[0.0,0.0,0.0,0.0,0.0,0.0,0.0,0.0,0.0,0.0,0.0,0.0,0.0,0.0,0.0,0.0,0.0,0.0,0.0,0.0,0.0002,0.0011,0.0,0.0,0.0,0.0004,0.0021000000000000003,0.0374,0.1577,0.6397,0.9864,0.9869999999999999,0.9868000000000002,0.0002,0.0032,0.1062,0.5523,0.9875999999999999,0.9884000000000001,0.9875,0.9885999999999999,0.9865999999999999,0.9870000000000001,0.9865,0.1132,0.6399,0.9869999999999999,0.9894000000000001,0.9869,0.9860999999999999,0.9865999999999999,0.9853000000000002,0.985,0.9846999999999999,0.9883999999999998,0.9873000000000001,0.9875999999999999,0.9867999999999999,0.9865999999999999,0.9883,0.9867000000000001,0.9858999999999998,0.9862,0.9852000000000001,0.9869,0.9887,0.9876999999999999,0.9862,0.9875999999999999,0.9873000000000001,0.9865,0.9878,0.9881,0.9863,0.9875999999999999,0.986,0.9885999999999999,0.9883000000000001,0.9856000000000001,0.9872,0.9868999999999998,0.9872,0.9871000000000001,0.9886999999999999,0.9899000000000001,0.9877999999999998,0.9833999999999999,0.9879000000000001,0.9869,0.9865999999999999,0.9871000000000001,0.9885000000000002,0.9870000000000001,0.9869,0.9872,0.9890000000000001,0.9881,0.9857999999999999,0.9878,0.9863999999999999,0.9873000000000001,0.9867000000000001,0.9883,0.9868999999999998,0.9894999999999999,0.9863,0.9865999999999999,0.9877,0.9882,0.9859],"increment":[0.0,0.1,0.2,0.3,0.4,0.5,0.6,0.7,0.8,0.9,1.0],"t_max":[0.0005,0.001,0.0015,0.002,0.0025,0.003,0.0035000000000000005,0.004,0.0045,0.005]}