{"p":1,"rel_avgs":[0.0,0.0,0.0,0.0,0.0,0.0,0.0,0.0,0.0,0.0,0.0,0.0,0.0,0.0,0.0,0.0,0.0,0.0,0.0007,0.0049,0.0139,0.031100000000000006,0.0,0.0,0.0008,0.010399999999999998,0.0371,0.21080000000000002,0.47400000000000003,0.7525999999999999,0.9386999999999999,0.9407,0.9362,0.006900000000000001,0.044,0.3701,0.6899,0.9386000000000001,0.9334,0.9314,0.9309000000000001,0.9308,0.9398,0.9330000000000002,0.391,0.7516,0.9372999999999999,0.9367999999999999,0.9398,0.9374000000000002,0.9384,0.9376999999999999,0.9350000000000002,0.9398,0.9394000000000002,0.9388,0.9385,0.9358000000000001,0.9319000000000001,0.9404999999999998,0.9393,0.9357999999999999,0.9337,0.9322000000000001,0.9406000000000001,0.9337000000000003,0.9346,0.9381,0.9353,0.9378999999999997,0.9380000000000003,0.9402999999999999,0.9355,0.9384999999999998,0.9372,0.9404000000000003,0.9389,0.9394,0.9323,0.9378,0.9314,0.9373000000000001,0.9375,0.9349999999999999,0.9315000000000001,0.9350000000000002,0.9366000000000001,0.9376,0.9359999999999999,0.9368000000000002,0.9399999999999998,0.9339999999999999,0.9353999999999999,0.9374,0.9354000000000001,0.9341000000000002,0.9340000000000002,0.9330999999999999,0.9348000000000001,0.9324,0.9356,0.9353999999999999,0.9386999999999999,0.9340999999999999,0.9360999999999999,0.9356000000000002,0.9301,0.9387000000000001,0.9359,0.9378],"increment":[0.0,0.1,0.2,0.3,0.4,0.5,0.6,0.7,0.8,0.9,1.0],"t_max":[0.0005,0.001,0.0015,0.002,0.0025,0.003,0.0035000000000000005,0.004,0.0045,0.005]}