{"p":1,"rel_avgs":[0.0,0.0,0.0,0.0,0.0,0.0,0.0,0.0,0.0,0.0,0.0,0.0,0.0,0.0,0.0,0.0,0.0,0.0,0.0,0.0,0.0,0.0,0.0,0.0,0.0,0.0,0.0,0.00030000000000000003,0.004,0.8093999999999999,0.9996,0.9997,0.9996,0.0,0.0,0.0018,0.7928000000000002,0.9997000000000001,0.9997,0.9997000000000001,0.9994,0.9997000000000001,0.9991999999999999,0.9996,0.0010999999999999998,0.8046,0.9995,0.9995,0.9995,0.9994999999999999,0.9997999999999999,0.9995,0.9999,0.9996,0.9996,0.9998000000000001,0.9994000000000002,0.9991999999999999,0.9997,0.9997,0.9998000000000001,0.9995,0.9994000000000002,0.9995,0.9996,0.9996,0.9994999999999999,0.9998000000000001,0.9996,0.9999,0.9997999999999999,0.9996,0.9992000000000001,0.9994,0.9998000000000001,0.9995999999999998,0.9997,0.9996,0.9997000000000001,0.9997,0.9994000000000002,0.9997999999999999,0.9996,0.9998000000000001,0.9994,0.9995999999999998,0.9992999999999999,0.9997,0.9996,0.9999,0.9996,0.9995,0.9996,0.9995999999999998,0.9998000000000001,0.9997,0.9998000000000001,0.9999,0.9995,0.9997,0.9994999999999999,0.9997,0.9998999999999999,0.9996,0.9995,0.9994,0.999,0.9998000000000001,0.9994,0.9997],"increment":[0.0,0.1,0.2,0.3,0.4,0.5,0.6,0.7,0.8,0.9,1.0],"t_max":[0.0005,0.001,0.0015,0.002,0.0025,0.003,0.0035000000000000005,0.004,0.0045,0.005]}