{
	"p": 1,
	"rel_avgs": [
		0.0, 0.0, 0.0, 0.0, 0.0, 0.0, 0.0, 0.0, 0.0, 0.0, 0.0, 0.0, 0.0, 0.0, 0.0,
		0.0, 0.0, 0.0, 0.002, 0.012, 0.124, 0.16999999999999998, 0.0, 0.0, 0.002,
		0.05800000000000001, 0.186, 0.9460000000000001, 0.984, 0.992, 0.994, 0.992,
		0.9880000000000001, 0.033999999999999996, 0.202, 0.99, 0.9800000000000001,
		0.9860000000000001, 0.986, 0.9879999999999999, 0.9940000000000001, 0.982,
		0.9860000000000001, 0.9879999999999999, 0.9880000000000001, 0.982, 0.984,
		0.99, 0.984, 0.984, 0.9960000000000001, 0.9860000000000001,
		0.9880000000000001, 0.992, 0.978, 0.9920000000000002, 0.9899999999999999,
		0.984, 0.986, 0.992, 0.986, 0.99, 0.9880000000000001, 0.9800000000000001,
		0.9800000000000001, 0.978, 0.9880000000000001, 0.9899999999999999,
		0.9960000000000001, 0.984, 0.9880000000000001, 0.9960000000000001, 0.986,
		0.992, 0.986, 0.9879999999999999, 0.986, 0.982, 0.99, 0.984,
		0.9920000000000002, 0.99, 0.986, 0.984, 0.9879999999999999, 0.986,
		0.9720000000000001, 0.994, 0.986, 0.994, 0.998, 0.9879999999999999,
		0.9879999999999999, 0.992, 0.984, 0.986, 0.992, 0.984, 0.984,
		0.9940000000000001, 0.984, 0.978, 0.992, 0.9800000000000001, 0.982,
		0.9960000000000001, 0.982, 0.9879999999999999, 0.994, 0.9880000000000001
	],
	"increment": [0.0, 0.1, 0.2, 0.3, 0.4, 0.5, 0.6, 0.7, 0.8, 0.9, 1.0],
	"t_max": [
		0.0006000000000000001, 0.0012000000000000001, 0.0018000000000000002,
		0.0024000000000000002, 0.003, 0.0036000000000000003, 0.004200000000000001,
		0.0048000000000000004, 0.0054, 0.006
	]
}
