{
	"p": 2,
	"rel_avgs": [
		0.0, 0.0, 0.0, 0.0, 0.0, 0.0, 0.0, 0.0, 0.0, 0.0, 0.0, 0.0, 0.0, 0.0, 0.0,
		0.0, 0.0, 0.0, 0.0, 0.0, 0.0, 0.0, 0.0, 0.0, 0.0, 0.0, 0.0, 0.0, 0.0, 0.0,
		0.0, 0.0, 0.0, 0.0, 0.0, 0.0, 0.0, 0.0, 0.0, 0.0, 0.0, 0.0, 0.006, 0.032,
		0.0, 0.0, 0.0, 0.0, 0.0, 0.001, 0.012, 0.10400000000000001, 0.187,
		0.6250000000000001, 0.9820000000000002, 0.0, 0.0, 0.0, 0.0,
		0.016999999999999998, 0.10800000000000001, 0.45500000000000007, 0.958,
		0.9850000000000001, 0.9790000000000001, 0.9850000000000001, 0.0, 0.0, 0.006,
		0.048, 0.40700000000000003, 0.944, 0.9890000000000001, 0.9880000000000001,
		0.9900000000000002, 0.9890000000000001, 0.991, 0.0, 0.003,
		0.10500000000000001, 0.485, 0.9870000000000001, 0.9860000000000001,
		0.9890000000000001, 0.975, 0.9890000000000001, 0.9930000000000001,
		0.9880000000000001, 0.002, 0.09600000000000002, 0.45899999999999996, 0.99,
		0.9840000000000002, 0.9880000000000001, 0.9789999999999999,
		0.9910000000000002, 0.9870000000000001, 0.992, 0.9870000000000001,
		0.034999999999999996, 0.438, 0.954, 0.9870000000000001, 0.986,
		0.9810000000000001, 0.982, 0.982, 0.9870000000000001, 0.9790000000000001,
		0.99
	],
	"increment": [0.0, 0.1, 0.2, 0.3, 0.4, 0.5, 0.6, 0.7, 0.8, 0.9, 1.0],
	"t_max": [
		0.0006000000000000001, 0.0012000000000000001, 0.0018000000000000002,
		0.0024000000000000002, 0.003, 0.0036000000000000003, 0.004200000000000001,
		0.0048000000000000004, 0.0054, 0.006
	]
}
