{
	"p": 2,
	"rel_avgs": [
		0.0, 0.0, 0.0, 0.0, 0.0, 0.0, 0.0, 0.0, 0.0, 0.0, 0.0, 0.0, 0.0, 0.0, 0.0,
		0.0, 0.0, 0.0, 0.0, 0.0, 0.0, 0.0, 0.0, 0.0, 0.0, 0.0, 0.0, 0.0, 0.0, 0.0,
		0.0, 0.0, 0.0, 0.0, 0.0, 0.0, 0.0, 0.0, 0.0, 0.003, 0.004,
		0.013999999999999999, 0.052000000000000005, 0.183, 0.0, 0.0, 0.0, 0.0,
		0.009000000000000001, 0.014000000000000002, 0.06999999999999999, 0.347,
		0.504, 0.749, 0.9339999999999999, 0.0, 0.0, 0.001, 0.020999999999999998,
		0.09600000000000002, 0.37800000000000006, 0.61, 0.9279999999999999,
		0.9309999999999998, 0.9309999999999998, 0.9499999999999998, 0.0, 0.009,
		0.025, 0.219, 0.5900000000000001, 0.9109999999999999, 0.9390000000000001,
		0.9399999999999998, 0.9289999999999999, 0.942, 0.93, 0.004,
		0.02899999999999999, 0.355, 0.615, 0.9480000000000001, 0.944, 0.944,
		0.9400000000000001, 0.9470000000000001, 0.9409999999999998,
		0.9389999999999998, 0.030000000000000006, 0.32099999999999995, 0.572,
		0.9410000000000001, 0.9380000000000001, 0.932, 0.9410000000000001, 0.95,
		0.9349999999999999, 0.9389999999999998, 0.9359999999999999,
		0.15499999999999997, 0.5850000000000001, 0.9329999999999998,
		0.9490000000000001, 0.9490000000000001, 0.933, 0.9479999999999998,
		0.9479999999999998, 0.9380000000000001, 0.944, 0.951
	],
	"increment": [0.0, 0.1, 0.2, 0.3, 0.4, 0.5, 0.6, 0.7, 0.8, 0.9, 1.0],
	"t_max": [
		0.0006000000000000001, 0.0012000000000000001, 0.0018000000000000002,
		0.0024000000000000002, 0.003, 0.0036000000000000003, 0.004200000000000001,
		0.0048000000000000004, 0.0054, 0.006
	]
}
