{"p":2,"rel_avgs":[0.0,0.0,0.0,0.0,0.0,0.0,0.0,0.0,0.0,0.0,0.0,0.0,0.0,0.0,0.0,0.0,0.0,0.0,0.0,0.0,0.0,0.0,0.0,0.0,0.0,0.0,0.0,0.0,0.0,0.0,0.0,0.0,0.0,0.0,0.0,0.0,0.0,0.0,0.0,0.0,0.0,0.0,0.0,0.0,0.0,0.0,0.0,0.0,0.0,0.0,0.0,0.0,0.0,0.0,0.0,0.0,0.0,0.0,0.002,0.0,0.0,0.001,0.001,0.005,0.012,0.01,0.0,0.0,0.0,0.005,0.003,0.011,0.041999999999999996,0.026000000000000002,0.137,0.159,0.403,0.009,0.005,0.008,0.039,0.09000000000000001,0.136,0.331,0.5029999999999999,0.778,0.8919999999999998,0.9460000000000001,0.033999999999999996,0.05600000000000001,0.06200000000000001,0.31000000000000005,0.5229999999999999,0.6,0.885,0.914,0.962,0.9630000000000001,0.975,0.139,0.351,0.481,0.606,0.8459999999999999,0.9540000000000001,0.944,0.9650000000000001,0.9550000000000001,0.9760000000000002,0.9829999999999999],"increment":[0.0,0.1,0.2,0.3,0.4,0.5,0.6,0.7,0.8,0.9,1.0],"t_max":[0.0006000000000000001,0.0012000000000000001,0.0018000000000000002,0.0024000000000000002,0.003,0.0036000000000000003,0.004200000000000001,0.0048000000000000004,0.0054,0.006]}