{"p":1,"rel_avgs":[0.0,0.0,0.0,0.0,0.0,0.0,0.0,0.0,0.0,0.0,0.0,0.0,0.0,0.0,0.0,0.0,0.0,0.0,0.0,0.0,0.0,0.0,0.0,0.0,0.0,0.0,0.0,0.0001,0.0,0.0005,0.0006000000000000001,0.0015,0.0013000000000000002,0.0081,0.013600000000000001,0.020700000000000003,0.0385,0.06,0.1794,0.23959999999999998,0.322,0.5790999999999998,0.6408999999999999,0.8298000000000002,0.38449999999999995,0.5321,0.7131000000000001,0.8548,0.9010999999999999,0.9601,0.9702999999999999,0.9682999999999999,0.9763999999999999,0.9799999999999999,0.9747,0.9359,0.9410000000000001,0.9499999999999998,0.9560000000000001,0.9621000000000001,0.9642999999999999,0.9702999999999999,0.9752000000000001,0.9712999999999999,0.9789999999999998,0.9787000000000001,0.9410000000000001,0.9440999999999999,0.9491999999999999,0.9560999999999998,0.9589000000000001,0.9564,0.9668999999999999,0.9705999999999999,0.9742000000000001,0.9780999999999999,0.9833999999999999,0.9405999999999999,0.9446,0.9496999999999998,0.9545,0.9559999999999998,0.9619,0.9595,0.9734999999999999,0.9758999999999999,0.9763999999999999,0.9812999999999998,0.9378,0.9389999999999998,0.9555,0.9591,0.9589000000000001,0.9615,0.9644999999999999,0.9686999999999999,0.976,0.9751,0.9791000000000001,0.9332,0.9437,0.9486999999999999,0.9544,0.961,0.9632,0.9648999999999998,0.9702999999999999,0.9734,0.9780999999999999,0.9800999999999999],"increment":[0.0,0.1,0.2,0.3,0.4,0.5,0.6,0.7,0.8,0.9,1.0],"t_max":[0.0005,0.001,0.0015,0.002,0.0025,0.003,0.0035000000000000005,0.004,0.0045,0.005]}