{
	"p": 1,
	"rel_avgs": [
		0.0, 0.0, 0.0, 0.0, 0.0, 0.0, 0.0, 0.0, 0.0, 0.0, 0.0, 0.0, 0.0, 0.0, 0.0,
		0.0, 0.0, 0.0, 0.0, 0.0, 0.0, 0.0, 0.0, 0.0, 0.0, 0.004, 0.01, 0.032,
		0.03200000000000001, 0.016, 0.162, 0.10999999999999999, 0.098, 0.198,
		0.43200000000000005, 0.636, 0.64, 0.8020000000000002, 0.9280000000000002,
		0.8539999999999999, 0.976, 0.978, 0.9800000000000001, 0.986,
		0.9559999999999998, 0.944, 0.954, 0.9620000000000001, 0.954, 0.966, 0.95,
		0.9719999999999999, 0.986, 0.968, 0.976, 0.9400000000000001, 0.924, 0.95,
		0.958, 0.954, 0.976, 0.97, 0.9640000000000001, 0.986, 0.9799999999999999,
		0.9780000000000001, 0.9259999999999999, 0.9420000000000002, 0.96,
		0.9639999999999999, 0.96, 0.966, 0.984, 0.9780000000000001,
		0.9719999999999999, 0.984, 0.9940000000000001, 0.9400000000000001, 0.944,
		0.954, 0.96, 0.958, 0.9639999999999999, 0.962, 0.9760000000000002,
		0.9640000000000001, 0.984, 0.982, 0.9400000000000001, 0.944, 0.942,
		0.9339999999999999, 0.932, 0.96, 0.9640000000000001, 0.968,
		0.9760000000000002, 0.966, 0.97, 0.9339999999999999, 0.9339999999999999,
		0.9339999999999999, 0.946, 0.9559999999999998, 0.974, 0.96, 0.97, 0.966,
		0.984, 0.982
	],
	"increment": [0.0, 0.1, 0.2, 0.3, 0.4, 0.5, 0.6, 0.7, 0.8, 0.9, 1.0],
	"t_max": [
		0.0006000000000000001, 0.0012000000000000001, 0.0018000000000000002,
		0.0024000000000000002, 0.003, 0.0036000000000000003, 0.004200000000000001,
		0.0048000000000000004, 0.0054, 0.006
	]
}
