{"p":2,"rel_avgs":[0.0,0.0,0.0,0.0,0.0,0.0,0.0,0.0,0.0,0.0,0.0,0.0,0.0,0.0,0.0,0.0,0.0,0.0,0.0,0.0,0.0,0.0,0.0,0.0,0.0,0.0,0.0,0.0,0.0,0.0,0.0,0.0,0.0,0.0,0.0,0.0,0.0,0.0,0.0,0.0,0.0,0.0,0.0,0.0,0.0,0.0,0.0,0.0,0.0,0.0,0.0,0.0,0.0,0.0,0.0,0.0,0.0,0.0,0.0,0.0,0.0,0.0,0.0,0.0,0.0,0.001,0.0,0.0,0.0,0.0,0.0,0.0,0.002,0.013000000000000001,0.015,0.054000000000000006,0.134,0.0,0.0,0.0,0.0,0.007000000000000001,0.033,0.10700000000000001,0.24900000000000003,0.36300000000000004,0.653,0.833,0.003,0.003,0.012,0.129,0.08900000000000001,0.4109999999999999,0.608,0.857,0.9799999999999999,0.9190000000000002,0.9960000000000001,0.029999999999999992,0.11900000000000002,0.2820000000000001,0.49000000000000005,0.6620000000000001,0.8960000000000001,0.9890000000000001,0.9940000000000001,0.9930000000000001,0.998,0.9960000000000001],"increment":[0.0,0.1,0.2,0.3,0.4,0.5,0.6,0.7,0.8,0.9,1.0],"t_max":[0.0006000000000000001,0.0012000000000000001,0.0018000000000000002,0.0024000000000000002,0.003,0.0036000000000000003,0.004200000000000001,0.0048000000000000004,0.0054,0.006]}