{"p":1,"rel_avgs":[0.0,0.0,0.0,0.0,0.0,0.0,0.0,0.0,0.0,0.0,0.0,0.0,0.0,0.0,0.0,0.0,0.0,0.0,0.0,0.0,0.0,0.0,0.0,0.0,0.0,0.0,0.0,0.0,0.0,0.0,0.0,0.0,0.0,0.0001,0.0002,0.0005,0.0015,0.006100000000000001,0.033499999999999995,0.019900000000000004,0.10670000000000002,0.17819999999999997,0.31429999999999997,0.5067999999999999,0.1126,0.21200000000000002,0.39859999999999995,0.5584,0.9671,0.9434000000000001,0.9930999999999999,0.9932000000000001,0.9959,0.9954000000000001,0.9957999999999998,0.9855999999999998,0.9865,0.9893000000000001,0.992,0.9913000000000001,0.9916999999999998,0.9928000000000001,0.9944,0.9948,0.9948,0.9955999999999999,0.9850999999999999,0.9879000000000001,0.9907999999999999,0.9916,0.9931999999999999,0.9931000000000001,0.9928999999999999,0.9943000000000002,0.9953999999999998,0.9947000000000001,0.9970999999999999,0.9864,0.9888000000000001,0.99,0.9894999999999999,0.9925,0.9907,0.9921000000000001,0.9945,0.9936999999999999,0.9959999999999999,0.9964999999999999,0.9866000000000001,0.9894000000000001,0.9897999999999998,0.9908999999999999,0.9925999999999998,0.9953000000000001,0.9939000000000002,0.992,0.9960000000000001,0.9959999999999999,0.9973000000000001,0.9875000000000002,0.9890000000000001,0.9914000000000002,0.991,0.9914,0.9922000000000002,0.9922999999999998,0.9936,0.9943,0.9953999999999998,0.9964000000000001],"increment":[0.0,0.1,0.2,0.3,0.4,0.5,0.6,0.7,0.8,0.9,1.0],"t_max":[0.0005,0.001,0.0015,0.002,0.0025,0.003,0.0035000000000000005,0.004,0.0045,0.005]}