{"p":2,"rel_avgs":[0.0,0.0,0.0,0.0,0.0,0.0,0.0,0.0,0.0,0.0,0.0,0.0,0.0,0.0,0.0,0.0,0.0,0.0,0.0,0.0,0.0,0.0,0.0,0.0,0.0,0.0,0.0,0.0,0.0,0.0,0.0,0.0,0.0,0.0,0.0,0.0,0.0,0.0,0.0,0.0,0.0,0.0,0.0,0.0,0.0,0.0,0.0,0.0,0.0,0.0,0.0,0.0,0.0,0.0,0.0,0.0,0.0,0.0,0.0,0.0,0.0,0.0,0.0,0.0,0.0,0.0,0.0,0.0,0.0,0.0,0.0,0.0,0.0,0.0,0.0,0.0,0.001,0.0,0.0,0.0,0.0,0.0,0.001,0.001,0.06499999999999999,0.10700000000000001,0.317,0.649,0.0,0.0,0.001,0.003,0.008,0.05800000000000001,0.6319999999999999,0.843,0.812,0.999,1.0,0.0,0.002,0.014000000000000002,0.098,0.607,0.65,0.999,0.9970000000000001,1.0,1.0,1.0],"increment":[0.0,0.1,0.2,0.3,0.4,0.5,0.6,0.7,0.8,0.9,1.0],"t_max":[0.0006000000000000001,0.0012000000000000001,0.0018000000000000002,0.0024000000000000002,0.003,0.0036000000000000003,0.004200000000000001,0.0048000000000000004,0.0054,0.006]}