{"p":1,"rel_avgs":[0.0,0.0,0.0,0.0,0.0,0.0,0.0,0.0,0.0,0.0,0.0,0.0,0.0,0.0,0.0,0.0,0.0,0.0,0.0,0.0,0.0,0.0,0.0,0.0,0.0,0.0,0.0,0.0,0.0,0.0,0.0,0.0,0.0,0.0,0.004,0.016,0.028000000000000004,0.06200000000000001,0.548,0.8539999999999999,1.0,1.0,1.0,1.0,1.0,1.0,1.0,0.998,1.0,1.0,1.0,1.0,1.0,1.0,1.0,1.0,1.0,1.0,1.0,1.0,1.0,1.0,1.0,1.0,1.0,1.0,1.0,1.0,1.0,1.0,1.0,1.0,1.0,1.0,1.0,1.0,1.0,1.0,0.998,0.998,1.0,1.0,1.0,1.0,1.0,1.0,1.0,1.0,1.0,1.0,1.0,1.0,1.0,1.0,1.0,1.0,1.0,1.0,1.0,0.9960000000000001,0.998,1.0,1.0,1.0,1.0,1.0,1.0,1.0,0.998,1.0],"increment":[0.0,0.1,0.2,0.3,0.4,0.5,0.6,0.7,0.8,0.9,1.0],"t_max":[0.0006000000000000001,0.0012000000000000001,0.0018000000000000002,0.0024000000000000002,0.003,0.0036000000000000003,0.004200000000000001,0.0048000000000000004,0.0054,0.006]}