{"p":1,"rel_avgs":[0.0,0.0,0.0,0.0,0.0,0.0,0.0,0.0,0.0,0.0,0.0,0.0,0.0,0.0,0.0,0.0,0.0,0.0,0.0,0.0,0.0,0.0,0.0,0.0,0.0,0.0,0.0,0.0,0.0,0.0,0.0,0.0,0.0,0.0063,0.0087,0.0054,0.0053,0.0031000000000000008,0.0012000000000000001,0.00030000000000000003,0.0001,0.00030000000000000003,0.0,0.0,0.3864,0.3878,0.31100000000000005,0.23359999999999997,0.13399999999999998,0.09029999999999998,0.05720000000000001,0.03520000000000001,0.0201,0.019799999999999998,0.010499999999999999,0.9395999999999999,0.9389,0.9190999999999999,0.7923,0.7375,0.5822,0.5599999999999999,0.46849999999999997,0.42250000000000004,0.3668,0.1544,0.9346,0.9372,0.9349000000000001,0.9439,0.9388,0.9341000000000002,0.9357,0.9209000000000002,0.7670999999999999,0.7280999999999999,0.5618999999999998,0.9357,0.9362,0.9372999999999999,0.9361999999999998,0.9333000000000002,0.9346,0.9347,0.9357000000000001,0.9343999999999999,0.9328,0.9253,0.9395,0.9355,0.9360999999999999,0.9373999999999999,0.9314,0.9331999999999999,0.9379,0.9360999999999999,0.9366,0.9314,0.9342,0.9347,0.9362,0.9363999999999999,0.9368000000000001,0.9395,0.9348000000000001,0.9388,0.9328000000000001,0.9408000000000001,0.9369999999999997,0.9348000000000001],"increment":[0.0,0.1,0.2,0.3,0.4,0.5,0.6,0.7,0.8,0.9,1.0],"t_max":[0.0005,0.001,0.0015,0.002,0.0025,0.003,0.0035000000000000005,0.004,0.0045,0.005]}