{
	"p": 1,
	"rel_avgs": [
		0.0, 0.0, 0.0, 0.0, 0.0, 0.0, 0.0, 0.0, 0.0, 0.0, 0.0, 0.0, 0.0, 0.0, 0.0,
		0.0, 0.0, 0.0, 0.0, 0.0, 0.0, 0.0, 0.002, 0.0, 0.0, 0.0, 0.0, 0.0, 0.0, 0.0,
		0.0, 0.0, 0.0, 0.21000000000000002, 0.17200000000000001,
		0.14800000000000002, 0.082, 0.064, 0.036000000000000004, 0.02, 0.022,
		0.014000000000000002, 0.006, 0.004, 0.9460000000000001, 0.932, 0.916, 0.798,
		0.7180000000000001, 0.5900000000000001, 0.542, 0.426, 0.426, 0.372, 0.156,
		0.9339999999999999, 0.9480000000000001, 0.95, 0.9480000000000001, 0.93,
		0.942, 0.9279999999999999, 0.9359999999999999, 0.924, 0.762, 0.562, 0.924,
		0.9339999999999999, 0.9400000000000001, 0.9579999999999999,
		0.9359999999999999, 0.938, 0.9359999999999999, 0.9219999999999999, 0.952,
		0.9259999999999999, 0.944, 0.952, 0.9440000000000002, 0.952,
		0.9400000000000001, 0.944, 0.9360000000000002, 0.924, 0.9359999999999999,
		0.9460000000000001, 0.93, 0.9359999999999999, 0.922, 0.9259999999999999,
		0.9400000000000001, 0.9339999999999999, 0.932, 0.916, 0.95, 0.946, 0.95,
		0.932, 0.9279999999999999, 0.9280000000000002, 0.9339999999999999, 0.952,
		0.9380000000000001, 0.9400000000000001, 0.942, 0.9199999999999999, 0.942,
		0.9440000000000002, 0.9380000000000001, 0.9339999999999999
	],
	"increment": [0.0, 0.1, 0.2, 0.3, 0.4, 0.5, 0.6, 0.7, 0.8, 0.9, 1.0],
	"t_max": [
		0.0006000000000000001, 0.0012000000000000001, 0.0018000000000000002,
		0.0024000000000000002, 0.003, 0.0036000000000000003, 0.004200000000000001,
		0.0048000000000000004, 0.0054, 0.006
	]
}
