{"p":1,"rel_avgs":[0.0,0.0,0.0,0.0,0.0,0.0,0.0,0.0,0.0,0.0,0.0,0.0,0.0,0.0,0.0,0.0,0.0,0.0,0.0,0.0,0.0,0.0,0.0,0.0,0.0,0.0,0.0,0.0,0.0,0.0,0.0,0.0,0.0,0.0001,0.0001,0.0001,0.0001,0.0001,0.0,0.0,0.0,0.0,0.0,0.0,0.10999999999999999,0.1125,0.07710000000000002,0.046799999999999994,0.024199999999999996,0.012399999999999998,0.0048000000000000004,0.0019000000000000002,0.0010999999999999998,0.0008,0.0001,0.9871000000000001,0.9881,0.9492,0.6784,0.6237999999999999,0.44799999999999995,0.41719999999999996,0.16570000000000001,0.1423,0.10659999999999999,0.0318,0.9882,0.9870000000000001,0.9851999999999999,0.9865999999999999,0.9882,0.9859,0.9860999999999999,0.9638,0.6658,0.6123,0.4312,0.9869,0.9883000000000001,0.9859,0.9871000000000001,0.9851999999999999,0.9871000000000001,0.9870999999999999,0.9872,0.9880000000000001,0.9869,0.954,0.9871000000000001,0.9881,0.9847999999999999,0.9861000000000001,0.9863,0.9843,0.9870999999999999,0.9878,0.9876000000000001,0.9855,0.9866999999999999,0.9869,0.9875,0.9863000000000002,0.9869,0.9873000000000001,0.9873,0.9884000000000001,0.9857000000000001,0.9867999999999999,0.9887,0.9888999999999999],"increment":[0.0,0.1,0.2,0.3,0.4,0.5,0.6,0.7,0.8,0.9,1.0],"t_max":[0.0005,0.001,0.0015,0.002,0.0025,0.003,0.0035000000000000005,0.004,0.0045,0.005]}