{
	"p": 1,
	"rel_avgs": [
		0.0, 0.0, 0.0, 0.0, 0.0, 0.0, 0.0, 0.0, 0.0, 0.0, 0.0, 0.0, 0.0, 0.0, 0.0,
		0.0, 0.0, 0.0, 0.0, 0.0, 0.0, 0.0, 0.0, 0.0, 0.0, 0.0, 0.0, 0.0, 0.0, 0.0,
		0.0, 0.0, 0.0, 0.038000000000000006, 0.04, 0.018, 0.028000000000000004,
		0.006, 0.002, 0.002, 0.0, 0.0, 0.0, 0.0, 0.982, 0.9879999999999999,
		0.9560000000000001, 0.692, 0.61, 0.418, 0.394, 0.15999999999999998, 0.162,
		0.088, 0.038, 0.982, 0.994, 0.992, 0.99, 0.9860000000000001,
		0.9780000000000001, 0.992, 0.982, 0.962, 0.644, 0.488, 0.986,
		0.9899999999999999, 0.984, 0.984, 0.992, 0.992, 0.984, 0.982, 0.992,
		0.9899999999999999, 0.9880000000000001, 0.9960000000000001, 0.986, 0.986,
		0.99, 0.992, 0.986, 0.974, 0.984, 0.982, 0.984, 0.984, 0.984, 0.99, 0.984,
		0.986, 0.982, 0.992, 0.982, 0.984, 0.998, 0.986, 0.984, 0.9960000000000001,
		0.982, 0.984, 0.984, 0.9879999999999999, 0.984, 0.982, 0.9940000000000001,
		0.984, 0.99, 0.986
	],
	"increment": [0.0, 0.1, 0.2, 0.3, 0.4, 0.5, 0.6, 0.7, 0.8, 0.9, 1.0],
	"t_max": [
		0.0006000000000000001, 0.0012000000000000001, 0.0018000000000000002,
		0.0024000000000000002, 0.003, 0.0036000000000000003, 0.004200000000000001,
		0.0048000000000000004, 0.0054, 0.006
	]
}
