{"p":1,"rel_avgs":[0.0,0.0,0.0,0.0,0.0,0.0,0.0,0.0,0.0,0.0,0.0,0.0,0.0,0.0,0.0,0.0,0.0,0.0,0.0,0.0,0.0,0.0,0.0,0.0,0.0,0.0,0.0,0.0,0.0,0.0,0.0,0.0,0.0,0.0,0.0,0.0,0.0,0.0,0.0,0.0,0.0,0.0,0.0,0.0,0.0025,0.0016,0.0015,0.00030000000000000003,0.0,0.0,0.0,0.0,0.0,0.0,0.0,0.9996,0.9997000000000001,0.9776999999999999,0.8283000000000001,0.8089999999999999,0.7676000000000001,0.7579999999999999,0.0089,0.0107,0.0020000000000000005,0.00030000000000000003,0.9991,0.9998000000000001,0.9991999999999999,0.9992000000000001,0.9994,0.9999,1.0,0.9847999999999999,0.8204,0.8058,0.7732000000000001,0.9995999999999998,0.9994999999999999,0.9997,0.9994,0.9995999999999998,0.9996,0.9997,0.9998000000000001,0.9995999999999998,0.9995,0.9833000000000001,0.9996,1.0,0.9996,0.9995999999999998,0.9996,0.9993000000000001,0.9998999999999999,0.9996,0.9995,0.9994,0.9995,0.9994,0.9997,0.9997999999999999,0.9998000000000001,0.9993000000000001,0.9996,0.9997,0.9996,0.9998000000000001,0.9998999999999999,0.9998000000000001],"increment":[0.0,0.1,0.2,0.3,0.4,0.5,0.6,0.7,0.8,0.9,1.0],"t_max":[0.0005,0.001,0.0015,0.002,0.0025,0.003,0.0035000000000000005,0.004,0.0045,0.005]}